Address,Balance,Transaction count,inEther,outEther,feeEther,inCall,outCall,Call count,,,,,
0x7e5f4552091a69125d5dfcb7b8c2659029395bdf,0,51,0.179583,0.020408,0.159176,14,31,45,,,,,
0x2b5ad5c4795c026514f8317c7a215e218dccd6cf,0,142,0.071759,0.038057,0.494223,37,24,61,,,,,
0x6813eb9362372eef6200f3b1dbc3f819671cba69,0,39,0.095176,1.731074,0.004247,15,31,46,,,,,
0x1eff47bc3a10a45d4b230b5d10e37751fe6aa718,0,248,0.004695,0.214451,0.057118,13,65,78,,,,,
0xe1ab8145f7e55dc933d51a18c793f901a3a0b276,0,711,0.708674,0.000448,0.058663,289,27,316,,,,,
0xe57bfe9f44b819898f47bf37e5af72a0783e1141,0,50,4.423315,0.001416,0.012157,307,383,690,,,,,
0xd41c057fd1c78805aac12b0a94a405c0461a6fbb,0,34,0.013574,0.000386,2.692241,8,309,317,,,,,
0xf1f6619b38a98d6de0800f1defc0a6399eb6d30c,0,711,0.014395,0.013096,0.014009,11,24,35,,,,,
0xf7edc8fa1ecc32967f827c9043fcae6ba73afa5c,0,63,0.421203,0.331997,0.089207,22,36,58,,,,,
0x4cceba2d7d2b4fdce4304d3e09a1fea9fbeb1528,0,64,0.164288,0.01269,0.151599,14,26,40,,,,,
0x3da8d322cb2435da26e9c9fee670f9fb7fe74e49,0,50,0.35165,0.297809,0.297805,26,41,67,,,,,
0xdbc23ae43a150ff8884b02cea117b22d1c3b9796,0,75,0.436323,0.053844,0.000961,23,87,110,,,,,
0x68e527780872cda0216ba0d8fbd58b67a5d5e351,0,76,5.14805,0.407781,4.74027,30,20,50,,,,,
0x5a83529ff76ac5723a87008c4d9b436ad4ca7d28,0,386,0.577921,0.048928,0.138514,85,46,131,,,,,
0x8735015837bd10e05d9cf5ea43a2486bf4be156f,0,917,0.006148,0.000093,0.528994,7,42,49,,,,,
0xfae394561e33e242c551d15d4625309ea4c0b97f,0,28,0.074319,0.000516,0.005632,6,16,22,,,,,
0x252dae0a4b9d9b80f504f6418acd2d364c0c59cd,0,30,0.001054,0.052696,0.06661,8,47,55,,,,,
0x79196b90d1e952c5a43d4847caa08d50b967c34a,0,14,0.080406,0.013796,0.021623,28,22,50,,,,,
0x4bd1280852cadb002734647305afc1db7ddd6acb,0,8,0.001,0,0.001,0,13,13,,,,,
0x811da72aca31e56f770fc33df0e45fd08720e157,0,9,0,0,0,1,9,10,,,,,
0x157bfbecd023fd6384dad2bded5dad7e27bf92e4,0,12,0,0,0,0,8,8,,,,,
0x37da28c050e3c0a1c0ac3be97913ec038783da4c,0,"7,335",0,0.012336,0.013186,2,11,13,,,,,
0x3bc8287f1d872df4217283b7920d363f13cf39d8,0,26,0.025523,0.040171,0.003984,8,11,19,,,,,
0xf4e2b0fcbd0dc4b326d8a52b718a7bb43bdbd072,0,13,0.041781,0,0,0,20,20,,,,,
0x9a5279029e9a2d6e787c5a09cb068ab3d45e209d,0,34,0.015578,0.011593,0.00161,2,14,16,,,,,
0xc39677f5f47d5fe65ab24e66750e8fca127c15be,0,19,0.000381,0.000036,0.000345,6,10,16,,,,,
0x1dc728786e09f862e39be1f39dd218ee37feb68d,0,12,0,0.000036,0.000746,5,20,25,,,,,
0x636cc65783084b9f370789c90f733dbbeb88925d,0,19,0.001099,0.000353,0.003234,0,15,15,,,,,
0x4a7a7c2e09209dbe44a582cd92b0edd7129e74be,0,6,0.00327,0,0,3,6,9,,,,,
0xa56160a359f2eaa66f5c9df5245542b07339a9a6,0,8,0.000352,0.000871,0.003109,2,10,12,,,,,
0x6b09d6433a379752157fd1a9e537c5cae5fa3168,0,35,0.00085,0.000173,0.000773,6,7,13,,,,,
0x32e77de0d74a5c7af861aaed324c6a4c488142a8,0,13,0.003,0.000077,0.000178,5,7,12,,,,,
0x093d49d617a10f26915553255ec3fee532d2c12f,0,8,0.00398,0.004165,0.00276,1,16,17,,,,,
0x138854708d8b603c9b7d4d6e55b6d32d40557f4d,0,18,0.007821,0.00024,0.003656,1,7,8,,,,,
0x7dc0a40d64d72bb4590652b8f5c687bf7f26400c,0,5,0,0,0,0,13,13,,,,,
0x9358a525cc25aa571af0bcb5b98fbeab045a5e36,0,6,0,0,0.000477,0,5,5,,,,,
0xd8e8ea89d71de89214fa39ba13ba9fcddc0d9467,0,9,0.013838,0.000053,0,2,6,8,,,,,
0xb56ed8f48979e1a948ad129199a600d0562cac51,0,6,0,0.009533,0,0,10,10,,,,,
0xf65ac7003e905d72c666bfec1dc0960ecc9d0d6e,0,12,0.00053,0.000946,0.004305,3,8,11,,,,,
0xd817d23c981472d703be36da777ffdb1abefd972,0,17,0.001491,0,0.000054,2,7,9,,,,,
0xf2adb90aa27a3c61a95c50063b20919d811e1476,0,11,0.001,0.000149,0.001342,1,9,10,,,,,
0xae3dffee97f92db0201d11cb8877c89738353bce,0,9,0.0005,0.00005,0,1,6,7,,,,,
0xeb3025e7ac2764040384316b33476e048961a71f,0,8,0.000201,0,0.00045,2,7,9,,,,,
0x9e3289708dc5709926a542fcf260fd4b210461f0,0,6,0,0,0,0,6,6,,,,,
0x6c23face014f20b3ebb65ae96d0d7ff32ab94c17,0,6,0,0.000117,0.000084,0,6,6,,,,,
0xb83b6241f966b1685c8b2ffce3956e21f35b4dcb,0,161,0,0,0.000047,1,5,6,,,,,
0x6350872d7465864689def650443026f2f73a08da,0,5,0.000052,0,0,0,7,7,,,,,
0x673c638147fe91e4277646d86d5ae82f775eea5c,0,3,0,0,0,2,7,9,,,,,
0xf472086186382fca55cd182de196520abd76f69d,0,4,0.000108,0,0.000108,0,4,4,,,,,
0x5ae58d2bc5145bff0c1bec0f32bfc2d079bc66ed,0,9,0,0.000005,0.000178,0,4,4,,,,,
0x2b29bea668b044b2b355c370f85b729bcb43ec40,0,10,0,0,0,1,3,4,,,,,
0x3797126345fb5fb6a37629db55ec692173cfb458,0,5,0.0003,0,0,0,3,3,,,,,
0xe6869cc98283ab53e8a1a5312857ef0be9d189fe,0,3,0,0,0.0003,0,3,3,,,,,
0xa5dfe354b3fc30c5c3a8ffefc8f9470d9177c334,0,18,0.093827,0,0,3,7,10,,,,,
0xa1a625ae13b80a9c48b7c0331c83bc4541ac137f,0,3,0.000178,0.011836,0.081991,5,13,18,,,,,
0xa33c9d26e1e33b84247defca631c1d30ffc76f5d,0,6,0,0,0,0,3,3,,,,,
0xf9807a8719ae154e74591cb2d452797707fadf73,0,3,0,0,0,2,3,5,,,,,
0xa1ba6fc3ea0e89f0e79f89d9aa0081d010571e4a,0,3,0,0,0,0,4,4,,,,,
0x366c20b40048556e5682e360997537c3715aca0e,0,18,0,0,0,0,3,3,,,,,
0xeb0e56f32246d043228fac8b63a71687d5199af1,0,3,0,0.136702,0.047298,0,3,3,,,,,
0xdb3ed822b78f0641623a12166607b5fa4df862ad,0,6,0.184,0,0,7,6,13,,,,,
0xb88c19426f03c6981d1a4281c7414d842b97619a,0,2,0,0.002566,0.010938,2,11,13,,,,,
0x32e04b012ac811c91d36a355a6d2859a0071a965,0,6,0.013504,0,0,0,4,4,,,,,
0xe0dd44773f7657b11019062879d65f3d9862460c,0,3,0,0.00018,0.01982,2,6,8,,,,,
0x756be12856a8f44ab22fdbcbd42b70b843377d09,0,8,0.02,0.000002,0.000255,0,3,3,,,,,
0x6f4c950442e1af093bcff730381e63ae9171b87a,0,"2,252",0,0,0,1,7,8,,,,,
0x4d1bf28514a4451249908e611366ec967c3d1558,0,4,0,0,0,0,2,2,,,,,
0xb0142d883494197b02c6ece84f571d81bd831124,0,3,0.000257,0,0,0,3,3,,,,,
0x1326324f5a9fb193409e10006e4ea41b970df321,0,3,0,0,0,0,3,3,,,,,
0xf9a2c330a19e2fbfeb50fe7a7195b973bb0a3be9,0,3,0,0,0.000361,0,4,4,,,,,
0x7a601ffa997cede6435aeabf4fa2091f09e149ec,0,5,0.00038,0.000019,0,0,3,3,,,,,
0xa92f4b5c4fddcc37e5139873ac28a4a0a42d68df,0,4,0,0,0,1,4,5,,,,,
0x850cc185d6cae4a7fdfb3dd81f977dd1df7d6503,0,11,0,0.06734,0.001441,3,8,11,,,,,
0xb1b7c87e8a0bf2e7fd1a1c582bd353e4c4529341,0,3,0.068781,0,0,0,3,3,,,,,
0xff844fdb49e00776ad538db9ea2f9fa98ec0caf7,0,4,0,0,0,0,3,3,,,,,
0x1ac6f9601f2f616badcea8a0a307e1a3c14767a4,0,3,0,0,0,0,3,3,,,,,
0xc2aa6271409c10dee630e79df90c968989ccf2b7,0,3,0,0,0,0,3,3,,,,,
0x883d01eae6eaac077e126ddb32cd53550966ed76,0,3,0.00038,0,0,1,8,9,,,,,
0x127688bbc070dd69a4db8c3ba5d43909e13d8f77,0,6,0,0.000005,0.000336,0,3,3,,,,,
0x0b54a50c0409dab2e63c3566324268ed53ec019a,0,9,0.000051,0.000044,0.000046,1,5,6,,,,,
0xafd46e3549cc63d7a240d6177d056857679e6f99,0,5,0.1,0.008951,0,0,4,4,,,,,
0x752481f35bb1d44d786c7b4dbe40db4a4266f96f,0,2,0,0,0,1,2,3,,,,,
0xac32def421e36b43629f785fd04523260e7f2b28,0,4,0,0,0,0,4,4,,,,,
0xfe6032a0810e90d025a3a39dd29844f964ee102c,0,3,0,0,0.091049,0,3,3,,,,,
0x5cb6f3e6499d1f068b33351d0cae4b68cdf501bf,0,5,0,0,0,0,2,2,,,,,
0x84b743441b7bdf65cb4293126db4c1b709d7d95e,0,2,0.001612,0,0.001612,1,3,4,,,,,
0x8530a26f6c062f55597bd30c1a44e248decb0027,0,3,0,0,0,10,4,14,,,,,
0x5ce162cfa6208d7c50a7cb3525ac126155e7bce4,0,33,0.1,0.360528,0.097472,0,23,23,,,,,
0x2853dc9ca40d012969e25360cce0d9d326b24a86,0,3,0.458,0,0.095525,1,3,4,,,,,
0x802271c02f76701929e1ea772e72783d28e4b60f,0,4,0,0.004475,0,0,3,3,,,,,
0x7bd2aa0726ac3b9e752b120de8568e90b0423ae4,0,4,0,0,0,0,4,4,,,,,
0xb540c05d9b2516da9596a5ee75d750717a4be035,0,3,0,0,0,0,3,3,,,,,
0xa72392cd4be285ab6681da1bf1c45f0b370cb7b4,0,3,0,0,0,1,2,3,,,,,
0xcf484269182ac2388a4bfe6d19fb0687e3534b7f,0,6,0.000043,0.000004,0,0,5,5,,,,,
0x994907cb80bfd175f9b0b32672cfde0091368e2e,0,20,0.18,0.004138,0.00004,9,12,21,,,,,
0x36eab6ce7fededc098ef98c41e83548a89147131,0,3,0,0.000075,0,20,3,23,,,,,
0x440db3ab842910d2a39f4e1be9e017c6823fb658,0,3,0.000911,0,0.175862,0,21,21,,,,,
0x25ac70ea6f44c4531a7117ea3620fa29cdaaca48,0,45,0,0,0.000836,0,4,4,,,,,
0x24d881139ee639c2a774b4b1851cb7a9d0fce122,0,4,0.01501,0,0,0,3,3,,,,,
0xd9a284367b6d3e25a91c91b5a430af2593886eb9,0,2,0,0,0,0,2,2,,,,,
0xe6b3367318c5e11a6eed3cd0d850ec06a02e9b90,0,8,0,0,0.014902,3,5,8,,,,,
0x88c0e901bd1fd1a77bda342f0d2210fdc71cef6b,0,3,0,0.000108,0,0,2,2,,,,,
0x7231c364597f3bfdb72cf52b197cc59111e71794,0,2,0,0,0,0,3,3,,,,,
0x043aed06383f290ee28fa02794ec7215ca099683,0,8,0.001051,0,0.001044,0,6,6,,,,,
0x0c95931d95694b3ef74071241827c09f25d40620,0,2,0,0,0,2,3,5,,,,,
0x417f3b59ef57c641283c2300fae0f27fe98d518c,0,3,0,0.000007,0,3,2,5,,,,,
0xd6b931d8d441b1ec98f55f8ec8adb532dc140c78,0,3,0,0,0,0,1,1,,,,,
0x9220625b1a30680387d542e6b5f753786ca5530e,0,3,0.005829,0.002206,0.003623,0,8,8,,,,,
0x997cf669860a1dcc76344866534d8679a7b562e2,0,11,0,0,0,0,1,1,,,,,
0xb961768b578514debf079017ff78c47b0a6adbf6,0,1,0,0,0,0,2,2,,,,,
0x052b91ad9732d1bce0ddae15a4545e5c65d02443,0,1,0,0,0,0,2,2,,,,,
0x8df64de79608f0ae9e72ecae3a400582aed8101c,0,2,0,0,0,0,2,2,,,,,
0x0e7b23cd1fdb7ea3ccc80320ab43843a2f193c36,0,2,0,0,0,0,2,2,,,,,
0xfbbc41289f834a76e4320ac238512035560467ee,0,2,0,0,0,0,2,2,,,,,
0x61e1da6c7b8b211e6e5dd921efe27e73ad226dac,0,3,0,0,0,0,2,2,,,,,
0x87fcbe64187317c59a944be5b9c5c830b9373730,0,2,0,0,0,0,2,2,,,,,
0x2acf0d6fdac920081a446868b2f09a8dac797448,0,4,0,0,0,0,4,4,,,,,
0x1715eb68afba4d516ef1e068b55f5093bb4a2f59,0,4,0.005,0,0,0,2,2,,,,,
0x58bab2f728dc4fc227a4c38cab2ec93b73b4e828,0,2,0.0014,0,0.004286,0,3,3,,,,,
0x25346934b4faa00dee0190c2069156bde6010c18,0,2,0,0.000028,0,2,2,4,,,,,
0xa01cca6367a84304b6607b76676c66c360b74741,0,8,0,0,0,1,5,6,,,,,
0x872917cec8992487651ee633dba73bd3a9dca309,0,5,0,0.000714,0.001372,3,2,5,,,,,
0x6c1a01c2ab554930a937b0a2e8105fb47946c679,0,2,0,0,0,0,2,2,,,,,
0x13c0e7c715fdea35c7f9663c719e4d36601275b9,0,3,0,0,0,0,2,2,,,,,
0xe8c5025c803f3279d94ea55598e147f601929bf4,0,2,0,0,0,0,2,2,,,,,
0x639acdbd838b81cea8d6a970136812783fa5bf5e,0,3,0,0,0,0,2,2,,,,,
0xb3087f34edab33a8182ba29adea4d739d9831a94,0,1,0,0,0,0,1,1,,,,,
0xc6a210606f2ee6e64afb9584db054f3476a5cc66,0,12,0.012871,0.000977,0.011894,4,8,12,,,,,
0xd01c9d93efc83c00b30f768f832182beff65696f,0,2,0,0,0,0,6,6,,,,,
0x00edf2d16afbc028fb1e879559b07997af79539f,0,2,0,0,0,0,2,2,,,,,
0xf5d722030d17ca01f2813af9e7be158d7a037997,0,4,0.011001,0,0,0,2,2,,,,,
0xae3d43ab6fdcd35386db427099ff11aa670ee0f4,0,10,0,0.000061,0,4,2,6,,,,,
0x0dc8b8ef8457b1e45ac277d65ac5987b547ba775,0,2,0,0,0,0,4,4,,,,,
0xde521346f9327a4314a18b2cda96b2a33603177a,0,2,0,0,0.01094,0,2,2,,,,,
0x69842e12d6f36f9f93f06086b70795bfc7e02745,0,2,0,0,0,0,2,2,,,,,
0x9b7bdf6ad17d5fc9a168acaa24495e52a65f3b79,0,2,0,0,0,0,2,2,,,,,
0xa2d47d2c42009520075cb15f5855052008d0c44d,0,2,0,0,0,0,2,2,,,,,
0xb0c249f6f92fb2491fc9750a5299d856ba2ea3c6,0,1,0,0,0,0,2,2,,,,,
0x839d96957f21e82fbcca0d42a1f12ef6e1cf82e9,0,2,0,0,0,0,2,2,,,,,
0x2a0d6b92b042497013e5549d6579202608ce0c80,0,2,0,0,0,0,2,2,,,,,
0xa4f8c598927eab2f1898f8f2d6f8121578de2344,0,2,0,0,0,0,1,1,,,,,
0xdb21655b672dacc8da6f538c899f9d6969604117,0,2,0,0,0,0,2,2,,,,,
0x21289cd01f9f58fc44962b6e213a0fbbd015beb6,0,2,0,0,0,0,2,2,,,,,
0x0b62d63c314d94dfa85b11a9c652ffe438382d6c,0,2,0,0,0,0,2,2,,,,,
0x9383e3096133f464d516b518b12851fd10d891f4,0,2,0,0,0,0,1,1,,,,,
0x64e582c17ab7c3b90e171795b504ca3c04108501,0,1,0,0,0,0,2,2,,,,,
0x848406919d014b1e5c27a82f951caff840fd63ef,0,2,0,0,0,0,2,2,,,,,
0x5fe015779fb36006b01f9c5a5dbcaa6ffa56f0c0,0,2,0,0,0,0,2,2,,,,,
0x28b6e15f86025b8ea8beaa6855a81069bfb6ab1e,0,2,0,0,0,0,1,1,,,,,
0x271d65af9a5a7b4cd7af264f251184c2a4b9e7a3,0,2,0,0,0.002,1,3,4,,,,,
0xddf44e34ed40c40624c7b9f20a1030b505a4fac0,0,4,0.002,0,0,0,2,2,,,,,
0xe5854075272ca5ef71663d5b87e0cd5ac53b2f36,0,2,0,0,0,0,2,2,,,,,
0x2798ba84d7830c5f60d750f37f87d93277106905,0,1,0,0.011507,0.008493,0,1,1,,,,,
0x7e9961fa09dd52f945f8143844785cf0e51bb4ce,0,5,0.02,0,0,1,2,3,,,,,
0xf33d2f7d96f92d912ca8418f9d62eb54c1a9889f,0,2,0,0,0,0,4,4,,,,,
0xeec566c793a89f388bbabfc0225183a6a95c4263,0,2,0,0,0,0,2,2,,,,,
0x2001f8cdcdeef1bbcc188ca59cf04fb44133d55a,0,2,0,0,0,0,2,2,,,,,
0x3bf958fa0626e898f548a8f95cf9ab3a4db65169,0,2,0,0,0,1,2,3,,,,,
0xb0d744fde06bbcb6655eb55288ec94fa6a0b2a52,0,2,0.0007,0.00007,0.00063,0,3,3,,,,,
0x18eb36d090eeadf82f3454a6da690fc398d3eba1,0,4,0,0,0,0,2,2,,,,,
0xd2431ca38735c2fd438e2caa23f094191d89675b,0,6,0,0,0.016328,2,4,6,,,,,
0x612b7be154a64292aae070aaa86fcd66ba218071,0,2,0,0.003245,0,0,2,2,,,,,
0x681ce2f439fdc80e70c1eea8b8a085dfb976d32a,0,2,0,0,0,0,2,2,,,,,
0x2174ca3ee9ace7dd8c946c97054c72f2b384c4c2,0,2,0.019574,0,0,0,1,1,,,,,
0x1d694d5ad94f32132ff5c14c901d3ddbee90a550,0,1,0,0,0,0,2,2,,,,,
0x0b6fe046e6fd8d7a7a36d5ad1ffb82d2e3e5c3bb,0,2,0,0,0,0,1,1,,,,,
0x258f4ed0560e290a95066d9dee3628f2f179302b,0,1,0,0,0,0,2,2,,,,,
0xe2a09565167d4e3f826adec6bef82b97e0a4383f,0,3,0,0,0,0,2,2,,,,,
0x9af70704e9ec5f505cdba564ff4dec03503ddaa2,0,7,0.0002,0.00002,0.00018,1,6,7,,,,,
0xeb9afe072c781401bf364224c75a036e4d832f52,0,12,0.0003,0.000027,0.011697,4,8,12,,,,,
0x07748403082b29a45abd6c124a37e6b14e6b1803,0,5,0.012728,0.001031,0,1,4,5,,,,,
0x63486b70d804464766cfd096bba5552c4bcdac30,0,4,0,0,0.000043,0,4,4,,,,,
0x5181be40152caaba8e123a55b7762755d4e8e416,0,5,0.0001,0,0.000273,1,2,3,,,,,
0x9481da7766c043eefeecc9589ee7ade61316b0ff,0,2,0,0.000057,0,0,1,1,,,,,
0x42aba3530dd1ccb1dda27bfaa7c6a832cfdb4446,0,2,0,0,0,0,4,4,,,,,
0x05650444ace15a01762bd97ee8fdeb495b3c2436,0,2,0,0,0,0,2,2,,,,,
0xd83d18a2eae2440e272a53f86e617cd9f33c8d68,0,1,0,0,0,0,2,2,,,,,
0x4a35a802dbd623561040dd50f6293842d0901731,0,2,0,0,0,0,2,2,,,,,
0x4dbaf6c348d8cd1f174a7a6155f80ea8d4a8baf8,0,2,0,0,0,0,3,3,,,,,
0x9efc4e49be8ff70d596ac20efec9b7842e1ea963,0,4,0.0001,0,0.0001,1,2,3,,,,,
0x68efde0cdd917c6da6dab02c23f69e7c9cff51a9,0,2,0,0,0,0,12,12,,,,,
0x99b52813933a46d95bd4265ea2f674e58827da97,0,2,0,0,0,0,2,2,,,,,
0x7b35461cc5adbdc415c1f9562ccc342adbf09bd4,0,2,0,0,0,0,2,2,,,,,
0x8ee8813fb9d41cc58ef87d28b36e948b1234e71d,0,2,0.27,0,0.008425,1,2,3,,,,,
0x69c1bc7883a7bb7696c7726d025867cd16564c9c,0,12,0.011656,0.198163,0.071837,9,10,19,,,,,
0x31eb18dd6f5a8064ab750eabb281cf162f43ccd0,0,1,0,0.003231,0,0,2,2,,,,,
0xf5d122e123d9d7998d2bea685d11b10fec3e4508,0,21,0,0,0,0,2,2,,,,,
0xf762854586a40a93d1fdcde32c062829f3754de9,0,1,0,0,0,0,1,1,,,,,
0x1e3f8fb9f840325983d6e5c68b6b846ff66a20ac,0,2,0,0,0,0,1,1,,,,,
0x3c1638a25ad7e8c2a84b53b661dd1bd048407e8f,0,2,0,0,0,0,2,2,,,,,
0x2eedf8a799b73bc02e4664183eb72422c377153b,0,2,0,0,0,0,5,5,,,,,
0xcdef6f23a26f960b53468f497967ce74c026af52,0,2,0,0,0,0,2,2,,,,,
0x0a2035683fe5587b0b09db0e757306ad729fe6c1,0,5,0,0,0,0,2,2,,,,,
0x158cc083cfbcffb2f983a3aa8b027eb0711c9831,0,2,0,0,0,0,2,2,,,,,
0x691cb1645a4f21d879973b3a3b98a714fc1970d6,0,2,0,0,0,0,2,2,,,,,
0x754164c0cb85dda1b5b18e5b62adbb4d60c3efbf,0,2,0,0,0,0,2,2,,,,,
0x556330e8d92912ccf133851ba03abd2db70da404,0,2,0,0,0,0,2,2,,,,,
0x1745ceba112b0a41638e235ec59b35adf37b70ab,0,2,0,0,0,0,2,2,,,,,
0xa24c85b16a440587793f82e358fa6b204468735b,0,2,0,0,0,0,2,2,,,,,
0x5304fb08724d73f2bb5e04c582407c33cde6c8d3,0,2,0,0,0,0,1,1,,,,,
0x256a11785fc43141324cf61efb5f491378c10c85,0,46,0.434147,0.041407,0,0,2,2,,,,,
0xa9f161a2badd44f3fe45b91a044a9484b72f1dc4,0,2,0,0,0.39274,16,2,18,,,,,
0xd5cc10c45fc0f9f956acd7559f61edbfec9f6c3d,0,2,0,0,0,0,30,30,,,,,
0x381c7a71035bdb42fb5d77523df2ff00d9f9df1b,0,2,0,0,0,0,2,2,,,,,
0x45cdbeea730d8212f451a6a8d0eb5998b04cccca,0,2,0,0,0,0,2,2,,,,,
0x6367283f25a32be0c28623d787c319e237c3b7bd,0,2,0,0,0,0,2,2,,,,,
0x598e94eb5e050045272d8417f6ab363bd874d568,0,7,0,0,0,0,7,7,,,,,
0x379ff6375f4a44f458683629ef05141d73fae55a,0,2,0,0,0,0,2,2,,,,,
0x18df8ba2ef19083ddff68f8b33976cf22e8419c6,0,2,0,0,0,0,2,2,,,,,
0xffceebc37a7351d5df9aa3b077ed39cc3b5192ff,0,2,0,0,0,0,2,2,,,,,
0x1cd21f00b58894260f7abed65ad23dce3cea0226,0,2,0,0,0,0,2,2,,,,,
0x26324733d604abb6176cf18e4f4a0624ceeddc09,0,2,0,0,0,0,2,2,,,,,
0x4102d394d723ff141b82ef9a6053fb89f90c67f4,0,2,0,0,0,0,2,2,,,,,
0x269c370cb95b63f9b6a7cad47998167f160a2689,0,2,0,0,0,0,2,2,,,,,
0x3bb9557113fbb052dae3008a2801a072c432c018,0,2,0,0,0,0,2,2,,,,,
0x3f588a72d94d0d0986b112c671c2343320a19386,0,2,0,0,0,0,2,2,,,,,
0x7cfa9eee1d752da599211bc8a68d0687708dabfc,0,2,0,0,0,0,4,4,,,,,
0x7bc23966c419eadcb8a2fc5f83e635c4d4ad0c2f,0,4,0,0,0,0,2,2,,,,,
0xc4ad60337b04fc721912531a52a5d77878293fb9,0,2,0,0,0,0,2,2,,,,,
0xfc5ba3041f750f9b6820ce066c153eb396aac1ff,0,2,0,0,0,0,1,1,,,,,
0x32480c2d857941d2fff4e34f0910b20c0f9c23bc,0,1,0,0,0,0,2,2,,,,,
0x8041c9a96585053db2d7214b5de56828645b8e62,0,1,0,0,0.39041,0,12,12,,,,,
0x444ca66b3ceb4187840cb1a205566a1413d5fecb,0,1,0,0.014221,0,1,3,4,,,,,
0xf084bbaabee1a700a8faa404027db620a5aa0059,0,4,0,0,0,0,1,1,,,,,
0x602d562b4ef2544f851587619b56f77a9d965d45,0,18,0.404631,0,0,4,1,5,,,,,
0x216faec139a61329ef8b31d982de427d9c007a9e,0,2,0,0,0,0,2,2,,,,,
0x11eb17b20113ae923d72e52870d40bf59a08b40d,0,2,0.0013,0,0.00072,0,2,2,,,,,
0xe69017fcc36bbc7fb167b9585bdd47a950ba1992,0,7,0,0,0,2,5,7,,,,,
0xe5549f429a72bfa618cf5c1afdac22a730df6a1a,0,3,0,0.00058,0,0,2,2,,,,,
0x161c2e10407e2a87959c0bae1f342c80eaea28f3,0,2,0,0,0,0,2,2,,,,,
0x4161220db043a7d682e0ad123a3f8fea165711aa,0,2,0,0,0,0,2,2,,,,,
0xb33609811fb3d9fc8955dc6e9e086f1f08fc3a65,0,2,0,0,0.000495,0,2,2,,,,,
0x4148555ea4c00e14f81ef399bbe67ef2fd9811b1,0,5,0.0005,0.000005,0,0,2,2,,,,,
0x4f81e991f76276a17ca92a1321f37189b1727f77,0,10,0,0,0,1,4,5,,,,,
0xba95e317ead06b55c8b70276fc63904b3339dfa1,0,2,0.1,0.000613,0.099387,2,2,4,,,,,
0xf6203c4fb14da640d11fbd9573e3958d017e6745,0,2,0,0,0,0,8,8,,,,,
0x73377d6228266393747efa710017872d6dd5b9a6,0,3,0,0,0,0,2,2,,,,,
0xf7862d105fc6ee69604decc30aa89472ad405961,0,2,0.002,0,0.002,1,3,4,,,,,
0xfa1205e19719c248323563bd55cd8bfd08b0cbc6,0,5,0,0,0,0,5,5,,,,,
0x4f46630115b446f8f7cebe1e5961ef7858c25204,0,4,0,0,0,0,2,2,,,,,
0x7492ebbc1e7f2838fc7191edc031581d5712978a,0,3,0,0,0,0,2,2,,,,,
0xc0af3981f9c0dfcb8955fea07a3e4f23806fab51,0,3,0,0,0,0,2,2,,,,,
0x8621dd642245df371b584b48c081e8863313a70d,0,2,0,0,0,0,3,3,,,,,
0xc328de035c91b39efa07d2fe620813253c9b4ec2,0,2,0,0,0,0,2,2,,,,,
0xa11308e3b741227d41973ddb17534ceb27b8206f,0,2,0,0,0,0,2,2,,,,,
0xc4ff1b4565ee203fa12636e100fe9c89cd18acb7,0,2,0,0,0,0,2,2,,,,,
0x63a36aea8570219476ef835f09024acdedfee95a,0,2,0,0,0,0,2,2,,,,,
0xf7205066c153f7c88dc3653ebc72b438884ae109,0,2,0,0,0,0,2,2,,,,,
0xa8ce5c40c4aa9278ddeaa418e775985549960e7a,0,7,0,0,0,0,7,7,,,,,
0x81f58f2194b0413806bf2ce8e1654bc855dc65a1,0,15,0.2,0,0.162,1,13,14,,,,,
0xf0218008120201e66b65fce4df9035007e811228,0,21,0,0.038,0,0,12,12,,,,,
0x90f022e3ca8453f5e5765cd3054003b544526eec,0,2,1.037,0.122724,0.914276,9,2,11,,,,,
0x1d1f873ba1ddf7915e6e26f93f5624b40efaefe2,0,2,0,0,0,0,7,7,,,,,
0x0311afd3bc2ae250d5f9f2706bae2ef4164d6912,0,12,0.047834,0.00005,0.004284,5,2,7,,,,,
0x5044a80bd3eff58302e638018534bbda8896c48a,0,221,0.004335,0.00016,0.009524,2,3,5,,,,,
0xfc32402667182d11b29fab5c5e323e80483e7800,0,4,0.01,0.00003,0.000903,1,1,2,,,,,
0x25a71a07cecf1753ee65b00e0a3aaef7e0f51c0f,0,14,0.01012,0.000476,0.00996,2,3,5,,,,,
0x718811e2d1170db844d0c5de6d276b299f2916a9,0,3,0.001,0.000097,0.043843,7,7,14,,,,,
0x2af2c21dd70decf579064c02f66b8138bc47ebb2,0,4,0.0001,0.003992,0.00027,1,3,4,,,,,
0x94eae9ae79b6d7883a45d7062df59622e4cd649f,0,4,0.000006,0.000058,0.000042,1,1,2,,,,,
0x94731ccd972053ef09add89e93eec803fc5fbc65,0,2,0.0003,0.000001,0.000006,1,3,4,,,,,
0x4ec254ad8a448b2773d816083efc5441a2fc8ea4,0,5,0.01,0.00075,0.00093,1,3,4,,,,,
0x476c88ed464efd251a8b18eb84785f7c46807873,0,2,0.00168,0.979832,0.020568,2,4,6,,,,,
0x3577496a436bc4e85842e8061a287d88b1e73523,0,6,1.0004,0.0088,0.0009,2,1,3,,,,,
0xa8480fdacaf3750a98816004e6f69fab63e16a58,0,2,0.0005,0.0001,0.00045,1,1,2,,,,,
0xd77b6f0aebac54fb80f7c0064abfb7114ad89478,0,3,0.001,0.00005,0.0012,18,12,30,,,,,
0x6eed3a9d19916ba5e21a8f7b4d60d6ca0965c974,0,30,0.001838,0.03685,0.120406,1,2,3,,,,,
0xa577fb8290e2844166811157ee91325d5e2dc942,0,2,0.001,0.000998,0.00084,1,1,2,,,,,
0xacfe3715c960634708de52f68268d4b8e3bdb926,0,2,0.157256,0.000042,0.000958,1,3,4,,,,,
0x11dcdd111e4ef4982bdca1b33a4cfa45bad6cfcd,0,6,0.0003,0.058934,0.001166,3,1,4,,,,,
0x3cf80350821bfc6734d343c229354fe6985311d1,0,17,0.0601,0.000032,0.000296,2,3,5,,,,,
0x1c4d4ebd8e440a1a7565f0e9f45412e9a22636d8,0,7,0.000175,0.000185,0.000158,8,9,17,,,,,
0x53dd34efa388135cc7ea3bcb069d426c25bf76cc,0,7,0.000329,0.000018,0.000415,1,5,6,,,,,
0xca7b487ef7e9e78a0462d1870c4bd75de321f32a,0,11,0.0006,0.000082,0.000218,4,3,7,,,,,
0x053229e7866226d8ffb0e6ee916d9a11b806c678,0,4,0.003688,0.010927,0.001009,5,6,11,,,,,
0x86b1b106aeac5c5d2b16f9596755811cf976f34e,0,6,0.018579,0.005719,0.01286,18,18,36,,,,,
0xff73c2953ad86d47ea826d7d806a695eedef8e34,0,37,0.013677,0.000114,0.00275,3,3,6,,,,,
0x438ca190209a8e7c14a92198c575eae3f92152d0,0,8,0.0002,0.002679,0.000086,2,6,8,,,,,
0xa1cfdd607bba6c347c35b8e952eae2f9dbb85ff3,0,1,0.002253,0.000171,0.002082,3,4,7,,,,,
0x6a87bfd9876bdbc2ab8e9ad19bf8692dee529e2d,0,3,0.000038,0.000004,0.000034,1,2,3,,,,,
0xfd75328746e9b8b521718a4a9451458609b88e1f,0,1,0,0,0,0,1,1,,,,,
0x4422cdae0a300b8c8d77990dfd72eacda0cc3a1d,0,7,0.003681,0.000215,0.003466,4,4,8,,,,,
0xcba1a6cc0e5af4d791d400b511067970a332f301,0,8,0,0.014618,0.013684,7,7,14,,,,,
0xa5cec5e029b482c4ed0d307ced9e33a108d931b3,0,14,0.029973,0.001848,0.000122,0,3,3,,,,,
0x4884abe82470adf54f4e19fa39712384c05112be,0,8,0.000147,0,0,4,1,5,,,,,
0xd000dd27df253a8be92a8c7ec1cc3709639589fd,0,4,0.003088,0.016288,0.00124,4,4,8,,,,,
0x0877d255b2366631bcee2815f97c503b01c94ec2,0,8,0.017033,0.000025,0.002415,1,4,5,,,,,
0xa160cf7d931bb481e3612ef664b69f76ac3e9547,0,4,0.000534,0.000042,0.000492,0,3,3,,,,,
0xc267e5a8a40472ef7a0c1965ec9cfcf816beaf15,0,1,0,0,0,1,1,2,,,,,
0x6d9b2ac68fe550a683fd1916285ffc5c6cd58cfe,0,11,0.049029,0.000004,0.000036,1,2,3,,,,,
0xc35a661ad1d7f08de3058f6facd3b6e516b8d275,0,1,0.00004,0.047617,0.001412,1,6,7,,,,,
0x25e51bf1c5e263abedec72f44b420373cf520c4b,0,3,0,0,0,5,1,6,,,,,
0xa6d4af0cd340509dd72b6616d361a3e644f79594,0,4,0.0001,0,0.00009,0,1,1,,,,,
0xd2b91583f13aa8c6c09e4046c6351ab282993f14,0,3,0,0,0,1,2,3,,,,,
0x2d03dc285632412031e9181a3067cdd0430f3e07,0,1,0,0.00001,0,1,2,3,,,,,
0xabe234ab2e92f44ed492796e7361f9f82db46b17,0,5,0,0.000042,0.000058,0,1,1,,,,,
0x35016bcb2a4598c9fcefae1043ddb19f06524c83,0,1,0.0001,0,0,0,1,1,,,,,
0x6a0c4e0eeefecfb6ad565c5ece7c05b7e80e6482,0,1,0.000053,0,0,0,4,4,,,,,
0x8396023743893c3b953bd6fe642504e08bea8d07,0,3,0,0.000005,0.000048,0,1,1,,,,,
0x44e94ac657af2b1152703c594603259a76c98036,0,1,0,0,0,1,1,2,,,,,
0x426bf7afe5b43973e851b58e783175e6a5abc508,0,1,0,0,0,0,2,2,,,,,
0x3f154911be52d918c0a2458fcc3721545d551226,0,1,0,0,0,0,1,1,,,,,
0x31b0b41cd0a732a3c0bd0339bf027a8f538ad42b,0,1,0,0,0,0,1,1,,,,,
0xce674aa1ed05766a3f131b35a97aa704e110a718,0,1,0,1.168068,0,0,1,1,,,,,
0xc6760979fa788bdedf7fe04ef64166325c6a5816,0,1,0,0,0,0,1,1,,,,,
0x30a87229974ff09df024966e86cf9002fb964e1f,0,8,1.485,0,0.000082,4,4,8,,,,,
0xc3b4e92c76f5e765aa4b6697c6c67fb9cf854c3f,0,2,0.00016,0.000009,0.316932,1,4,5,,,,,
0xaf1435509aa6ab5afa7f8939d2c006373ea0253d,0,6,0.000091,0.000022,0.000138,2,1,3,,,,,
0x84600d2da52425ea7fccf2a0fdc583142c744fd5,0,2,0.003413,0.000649,0.002765,1,1,2,,,,,
0x8b272d3af3a1ca603dd3843b595349e8e1780c69,0,3,0.0037,0.001352,0.037981,54,54,108,,,,,
0xfbc71c06ae0ab48c35ff2cd5022061b9925a9fd8,0,109,0.0351,0.025932,0.002348,1,2,3,,,,,
0x005158060b9c038a5d2655683a0a731304613142,0,4,0.063914,0.000007,0.034885,2,2,4,,,,,
0x152762597ae2935a3c0ab97493a5df4eaaed7d92,0,21,0.303,0.000215,0.132687,34,28,62,,,,,
0x9513abf99ac49b454f60b6f031934e8ee488761e,0,3,0.167559,0.170313,0.101192,8,13,21,,,,,
0x62d283fe6939c01fc88f02c6d2c9a547cc3e2656,0,3,0.000073,0.066368,0.000065,1,2,3,,,,,
0x0133c412a088b7ac0419d695d56c722fcf1e5d56,0,62,0.000729,0.000021,0.000708,1,2,3,,,,,
0x971a7adfe0a4803eb2e47667b0da0757d800be77,0,14,0.026042,0.000075,0.009087,6,7,13,,,,,
0x6571727886ac41e5af7bdcbc97f1f93a854d4a9b,0,2,0.002133,0.016955,0.000525,1,1,2,,,,,
0x3183ade12d4946475d9740dd132c4ca1061b9eea,0,25,0.052002,0.019815,0.000355,2,14,16,,,,,
0xcf03dd0a894ef79cb5b601a43c4b25e3ae4c67ed,0,7,0.051374,0.001779,0.031559,15,5,20,,,,,
0x57079d5ca461b0021bf873ae0f9a9c71bdaa5d51,0,31,0.0006,0.109624,0.051265,6,16,22,,,,,
0xcb93cc31fcb3293c116359f0cf06d044639f24cd,0,14,0.246719,0.0001,0.137095,1,8,9,,,,,
0xb15438b716ec79744675adbf9a78d752aad2c288,0,183,0.001,0.000738,0.914576,91,1,92,,,,,
0x5b622726024fa192c00ed9ab24fc2b268cad1dba,0,2,0.05,1.785664,0.0009,1,92,93,,,,,
0xa093a1b185c88c20318aa8a511b13207d0a5e930,0,11,2.70024,0.044,0.030655,5,5,10,,,,,
0x4a82cba19d2d34baeafeae760cd781c979daa206,0,2,0.0462,0.015545,0.006,8,1,9,,,,,
0x3154e8eba434ae5dde939a55bb9e61b24d6a673b,0,18,0.00061,0.22548,0.05452,1,10,11,,,,,
0x9273adb9d708676b739d3d227080233d56133fa3,0,3,0.000002,0,0.000002,2,2,4,,,,,
0xd36cece2a88965e1ea7a998d9bb1d561f4e72e3d,0,2,0.28,0.000061,0.000549,1,1,2,,,,,
0x9a475dbe1c6d2b2431da28abc2e0a0be146d2007,0,5,0.001243,0.000085,0.001159,1,3,4,,,,,
0x16d8152ac33e29c22c3a9cde88ff95967cdfe2ca,0,6,0.014013,0.011598,0.001008,11,3,14,,,,,
0xaf645ab37ef0306bf5a09eb4c7499a3de8750358,0,2,0.01711,0.016102,0.002415,3,1,4,,,,,
0xdc2e3049b812960aaf8f94eceff98fd192102aa3,0,10,0.00599,0.002562,0.003428,5,5,10,,,,,
0x196f7b5097706d2afd1f9bdf62c63c7070a815c8,0,7,0.001608,0.000069,0,4,4,8,,,,,
0x6621b6e2f2f380e60da69784aba076cc84a99182,0,7,0,0.009377,0.001539,0,3,3,,,,,
0xb98feabb0cb4ac2f862bf2f137306472094bbbe6,0,2,0.011078,0,0.001701,3,1,4,,,,,
0xc0452777b014b6ec8a8856762413839db2184da2,0,1,0.122414,0,0.000154,0,1,1,,,,,
0x55288148dcead66c5bb9fe41de83266dfc20f59c,0,4,0.002945,0.073915,0.048499,2,2,4,,,,,
0xa4c31c48b7cdf439bb17007c68cc66285340b3cd,0,2,0.000171,0.000017,0,5,2,7,,,,,
0xaa73824e623e702c8f8c5e9ae74c205aab1e7cc2,0,10,0.069508,0.000845,0.0021,1,27,28,,,,,
0x4b576b43a5456d4b1a8cc3904774a66483132b76,0,54,0.007982,0.005599,0.036947,26,5,31,,,,,
0x22f620168e1f50a3b6653f622cfca6f404de7fc4,0,20,0.01625,0.032561,0.002382,10,10,20,,,,,
0x291d89e18b158615aaf52f6a6e6bafac7bea1e2c,0,2,0.0008,0.248463,0.016179,1,2,3,,,,,
0x4b246c3d081f812fbce2fecf478d7073d1e500f1,0,4,0.001116,0.000071,0.001015,1,15,16,,,,,
0x4165af02bdd007febc93b3b275084e60b4d3493e,0,29,0.0001,0.000209,0.271386,14,3,17,,,,,
0xd373fb4f5758a1e2a8453da4ea958f50a18b7baf,0,4,0.519849,0.0001,0.000591,1,1,2,,,,,
0x1f6199797c522d9f91a010a2c81af88d3879225a,0,2,0.0048,0.000009,0.000091,2,1,3,,,,,
0x6b7c9088db1966b4823258c726149659ca817b41,0,2,0.0005,0.000045,0.000252,1,7,8,,,,,
0x64209195292521305abd09ac5c07c018fb72ba13,0,12,0.04016,0.003952,0.000455,3,5,8,,,,,
0x8a31b1a4f8d3578c47f1be9eae97afa32886b560,0,2,0.011026,0.029326,0.010834,5,1,6,,,,,
0x4e412d8755743e7f0e2a0fd4a226d05d7124cf75,0,5,0.343728,0.000851,0.000848,2,1,3,,,,,
0xd619d274192c030adff80ffd42b15d3026654c59,0,7,0.001103,0.307923,0.035805,5,3,8,,,,,
0x08a469664214673bd5c3bf49a876b8e2e7866559,0,11,0,0.008632,0.002394,1,6,7,,,,,
0xdb6048950852b31a61cd3c7f4e410bc148716352,0,6,0.0001,0.000057,0.000043,1,4,5,,,,,
0x6b8d934debbdbdc61272881d06c684312cb751ab,0,19,0.23,0.185901,0.044099,7,11,18,,,,,
0xcc70ebfad958bf8dffb010090fe1e9e5f5e75762,0,6,0.001,0.000536,0.001784,2,6,8,,,,,
0x47dcd6a7366c217f0f980825f5d5ed25693e4dd9,0,18,0.002,0.000435,0.000565,3,3,6,,,,,
0xcc79ab2339fa81547f8ee5885cf68ac010f85485,0,15,0.00215,0.000216,0.000565,1,4,5,,,,,
0xe38cba9e73b06e39c457b639297e05becc21d104,0,15,0.0014,0.000435,0.001614,1,4,5,,,,,
0x3dd271936092477d97ed90d7b2c3fe7bb8b6f9fe,0,4,0.001,0.000435,0.000565,1,4,5,,,,,
0x31ec187ca3f6d89d07557abf7e93825c4ee0c0b2,0,6,0.001,0.000973,0.000427,2,4,6,,,,,
0x2d142540f55022414bcf34328e70c23841cb60dc,0,15,0.001,0.000435,0.001225,1,4,5,,,,,
0x420874dc4f2abb9f4dea890061aa08bf006233b3,0,4,0.0014,0.000175,0.000565,2,4,6,,,,,
0xa431ac259555f0e5be8bd76f669b9a09db1ceb4c,0,10,0.0003,0.000085,0.000215,1,3,4,,,,,
0x6fbcad684bb2a8257b5cc2d306cb73d8d893afb9,0,6,0,0,0,0,1,1,,,,,
0x37fc98f95392d1a684150e941b1dd445320bb262,0,1,0.001,0,0,0,1,1,,,,,
0x502580c917c66ab2649bdcce5efee607b3de4c00,0,1,0,0.00002,0,0,2,2,,,,,
0xf3090b1b93787a65bac242b273974362e27b9b74,0,1,0,0.000001,0.00211,5,1,6,,,,,
0xd62924c2cc1a1e0d588627c2504341f620396985,0,3,0,0,0,1,3,4,,,,,
0xea1e734fc741bb1f484e43cbbd6b7d888d3b6dd8,0,1,0,0,0.000999,0,2,2,,,,,
0xc0808bda432f14af87a4c50d400d76e0836fe790,0,1,0.00213,0,0,0,1,1,,,,,
0x2cbff61d1c9822dd7d410d5fabf1dbed78687387,0,1,0,0,0,0,1,1,,,,,
0xb2dd3c2e212d10e2ee17a1bd766e4ecffc7727f7,0,2,0,0,0,0,1,1,,,,,
0xe374073e26de758a8fdefe6613160cf5e3b90c29,0,1,0,0.000104,0.000104,0,2,2,,,,,
0x4aba4d06eb6b198bae67dd864a5ce2366f89b1fc,0,4,0.007945,0.000077,0,1,1,2,,,,,
0xa88c4b64eafadad686be0a124caa712f40ac5048,0,2,0,0,0,2,2,4,,,,,
0x85d44c674d3a2500e79e8eb7383d3bf5613d653e,0,2,0.000208,0,0.007868,0,1,1,,,,,
0x81a2200f7c376d63b21afdfa813980910080198a,0,17,0.1,0.05,0.053809,1,1,2,,,,,
0x3e0163b82ea83678e0a25dd4950ed18a4bd8785c,0,14,0,0.196191,0.002919,7,6,13,,,,,
0x4406f1cc88b7e623e6e0b240a181233e6af3fb99,0,2,0.00311,0.000191,0.05,8,2,10,,,,,
0x29b90495cae0dcac38d70902180835a06af7f569,0,2,0.25,0,0,0,10,10,,,,,
0x7253ee121f11a9d7a3f05c790bdbe7da5ea9cbce,0,13,0,0,0.000432,1,1,2,,,,,
0x753fd58108458a479d15b223985e715d3f3865c4,0,1,0.00048,0.000048,0,0,2,2,,,,,
0xe556e442bf757c2dd593ae9c891a3690e37049dd,0,1,0,0,0,0,1,1,,,,,
0x64580e025217cb3addcb731dca08b94b872caa64,0,1,0.002971,0,0.001279,0,3,3,,,,,
0x4a75adc04b6c8c41ea45b90001f1ee1d379f71b3,0,13,0.0003,0.000216,0,1,2,3,,,,,
0xc241bee2109da8fb626396bfb227d7021a87d033,0,6,0,0.001692,0.000084,3,1,4,,,,,
0x69399699409b2ad03437db31a5de854c84d26559,0,15,0.216279,0,0.00042,1,3,4,,,,,
0x03b34cf6b00ba21df74caa5290d927b0cfbb2161,0,4,0.012022,0.001241,0.011213,6,11,17,,,,,
0xd02006dc4211f57b11b0609929f761b1324c1e00,0,23,0.001661,0.204456,0,0,9,9,,,,,
0x7a260d2fc42b0e93d8ded09ec4855e808f3316b3,0,98,0.24,0.000376,0.035544,12,3,15,,,,,
0xd6b0f4213bd46169fef562df08736ba54227b163,0,3,0,0.000809,0.165289,2,45,47,,,,,
0x75291220fcf74bd741a085342c706de6f139d845,0,2,0.00108,0.000144,0.000042,53,1,54,,,,,
0x3c68238d49a0e4d50e2ab6f32e4428641fa77533,0,5,0.000418,0.05099,0.000936,1,3,4,,,,,
0xfdbb626a98a1915ec157dc323104f30d72644166,0,15,0.24,0.186996,0.053004,6,9,15,,,,,
0x7b1afe2745533d852d6fd5a677f14c074210d896,0,17,0.006933,0.002375,0.004558,8,9,17,,,,,
0xd98de539a11a7bf90b4aa7a634877205efbd3e71,0,5,0.00015,0.00001,0.00014,2,2,4,,,,,
0x9932f404cc4980a06d5ce47b134e2f3f55eb4f24,0,4,1.13027,0.000209,0.470092,5,2,7,,,,,
0xabc9567e615728003b19731e602d550e935009cf,0,10,0.002335,0.000234,0.002102,2,1,3,,,,,
0xf8bd9ede84f1ba06de13d96004e869b477a9978d,0,2,0.005677,0.004207,0.000209,1,5,6,,,,,
0xef83ababd9597b20ccead7ede0716a62dd074208,0,3,0.00019,0.000022,0.00147,1,2,3,,,,,
0x013873970b5a0bd454ec8ec499f2343bc586d375,0,7,0.0001,0.660178,0,1,2,3,,,,,
0x3c698bced271f1eef47b2975bcb11f632c74542b,0,3,0.000418,0,0.000168,0,2,2,,,,,
0x84b2635805181be361f992aa74723428b35fd21c,0,3,0,0.000009,0.000091,1,7,8,,,,,
0x4c636a08fdf3692a9bca111e8a7f4a0e28eb4457,0,152,0,0,0.004418,2,15,17,,,,,
0xe943120b5d643c86e063a4698204b8445041e427,0,852,0,0.003344,0,0,9,9,,,,,
0x659e4a3726275edfd125f52338ece0d54d15bd99,0,883,0.007762,0,0,0,5,5,,,,,
0x1b720e9614130c8c65e77361a8e357e0507b0071,0,254,0,0,0,0,10,10,,,,,
0x987175338fe58f2f8689e84d1b46803a6283541f,0,824,0,0.001631,0,0,5,5,,,,,
0x5e899621b5d7772daa188348e01a270757b7e168,0,953,0.0026,0,0.000969,1,6,7,,,,,
0x2012300c7b3c2f58210276b4a6a574ad9dc0e9e8,0,759,0,0,0,0,11,11,,,,,
0x8cae194e377669096b0fde8ea461ae0c971c06e1,0,"1,264",0.0052,0.001335,0.003865,2,9,11,,,,,
0xc78848db9873426bcba758eaa1719d840291187c,0,"1,359",0.000145,0,0,0,10,10,,,,,
0xdc5b20847f43d67928f49cd4f85d696b5a7617b5,0,"1,339",0,0.000014,0.00013,1,10,11,,,,,
0x897df33a7b3c62ade01e22c13d48f98124b4480f,0,"1,479",0,0,0,0,4,4,,,,,
0x05c987b34c6ef74e0c7e69c6e641120c24164c2d,0,"1,504",0,0,0,0,3,3,,,,,
0xeaa3d29d76aff97e8a5a2154094a1e81bf86a2f5,0,"1,980",0,0,0,0,3,3,,,,,
0x6ae98f3ee3481e63f6780ad3a2bac8d41da51e3e,0,"1,351",0,0,0,0,5,5,,,,,
0x0bce1570456728c17f90c1f7d5fc361f12b38e97,0,"1,082",0,0,0,0,3,3,,,,,
0x83a40d1f350989a33f6cb9e35eae42d11094ea21,0,"1,206",0,0,0,0,5,5,,,,,
0xc2116448b94d4cc5d108b5067374177551925860,0,"1,100",0,1.52893,0.001323,8,13,21,,,,,
0xd8929e03013aaeddcbe6a79a4fab5c93f037fd28,0,992,0.015,0.000145,0,0,4,4,,,,,
0xc04ded008939290c8cdc2f3c2c082c8073da9d0c,0,553,0,0,0.014855,2,8,10,,,,,
0x5d946d964d9072882293ea399f5defd42018f525,0,542,1.530253,0,0,0,4,4,,,,,
0xee77c906cb89284cf701b10ffeedaf1131fdc9ce,0,526,0,0,0.00083,0,4,4,,,,,
0xc1007a1a941b744a8cc24fe5f3d28c9e0571609a,0,480,0.001,0,0,0,2,2,,,,,
0x65d39b68b516d96ae3d8772fb09e1322b639e8ac,0,352,0,0,0,0,5,5,,,,,
0x88b3cab112c61bdf7b3c0be6f8f818fc5ffeaa2d,0,3,0,0.00017,0,1,4,5,,,,,
0x7b2419e0ee0bd034f7bf24874c12512acac6e21c,0,9,0.030162,0.005721,0.02444,12,13,25,,,,,
0xa23a95888cdc08e3828eb2a47bb739a3d1205d86,0,4,0.00015,0.024286,0.011476,20,41,61,,,,,
0xd7aeff7bcc87989e05b6a759788ac0b6556a1edb,0,280,0,0.000026,0.000124,1,4,5,,,,,
0x35a131507ca0ec662c41407d84192fa5c08e9d49,0,25,0,0,0,0,3,3,,,,,
0x3021b1a8bb7d73d0afaa3537040efab630db2958,0,2,0,0,0.002205,0,3,3,,,,,
0x3ec798d8367abf6461b6bbb5e5d5bd28662d12ae,0,5,0.003,0,0,0,1,1,,,,,
0x27fa7fbcf3b35cff412856d26dd0bb46f13c730d,0,5,0.035762,0,0,0,3,3,,,,,
0x95a5406c34067d1dcff24b7babe8497d06796715,0,4,0,0.000795,0,0,3,3,,,,,
0x9fb3a1f6d9fffaad7ac0b5826e7ff53233d90f2c,0,5,0,0,0,1,3,4,,,,,
0x41d8001868fa9619b2091556503829bc42626981,0,5,0,0,0,0,3,3,,,,,
0xc6c3e83cfc68e954b754d5246c7e740f594ba2b1,0,4,0,0,0,0,3,3,,,,,
0xb1eeee7ba616f7d57e29fa9260ca265641b441d6,0,4,0,0,0,0,3,3,,,,,
0xb457cb4f732d428c4170a74f1e2880652f37d530,0,4,0,0,0,0,3,3,,,,,
0xd7e8db89835ec176b360da3ea9611b84018eae8c,0,2,0,0,0,0,2,2,,,,,
0xca00cf7575860e531482469e0c4c7ed6ec30607b,0,1,0,0,0,0,1,1,,,,,
0x17e8da3ec5f5bbeb08cd9b02905352f13693ce73,0,1,0,0,0,0,1,1,,,,,
0x76e5ac22e82787d74f5f11ab65700febe1b70557,0,4,0,0,0,0,4,4,,,,,
0x53b9e91fe848b58595658b4740e704ba730ac680,0,3,0,0,0,0,3,3,,,,,
0x75c9da4fa2946c69f29c815a71b74aed8e666cf5,0,9,0,0,0,0,1,1,,,,,
0xe48270552550a0cb46f6594a4f0b8b7ea87164e5,0,5,0,0,0.000044,0,8,8,,,,,
0xb9f726610ba98653c9a1b94fca0250a58c944f9a,0,1,0,0,0,0,5,5,,,,,
0xd88be820031ec43bd840585517e6a8ea08814d70,0,3,0,0,0,1,3,4,,,,,
0xf0a22159372c72c90ee8c1e1b31e079d6c7e080b,0,3,0,0,0,0,3,3,,,,,
0x383df63c4ac4caa513cf34f9b2ed215632a3398a,0,3,0.000044,0,0,0,3,3,,,,,
0xc77c9569664592ef0f3aeff1a558cb9ed6f308ee,0,3,0,0,0,0,3,3,,,,,
0x713e4fc91e620ec3cda567ed8d960a20e509c636,0,3,0,0,0,0,3,3,,,,,
0x72e790375f5aabfc331b3c67998a7f27029d44a8,0,2,0,0,0,0,2,2,,,,,
0x4eddcc069d0e316e8fc8437512140bb7229d1c66,0,1,0,0,0,0,1,1,,,,,
0xf8c4d53cba3f46f62678416e6caf3b75c5cc43ba,0,1,0,0,0,0,4,4,,,,,
0x8edf34a087a603b983a70729189d8cf70729d95e,0,4,0,0,0,0,1,1,,,,,
0xf4b63b78490dc44c37dd3b60d90a1838f99d39d3,0,1,0,0,0,0,1,1,,,,,
0xb57f7a67f69edcc92754332c61edef90662283c5,0,1,0,0,0,0,1,1,,,,,
0x7070059a621c34b93ba6acc8cc63a8f873ce9c25,0,1,0,0,0,0,1,1,,,,,
0x04fe48f8fad46caf8c268dfb5b5fe7e50e42ba5a,0,1,0,0,0,0,1,1,,,,,
0x9f2218d53a94ff958ef71166243ad10c4c462987,0,12,0.0048,0.001034,0.003766,0,2,2,,,,,
0xbd4c5e0aefef604707e83910b9a61874bc165709,0,2,0,0,0,0,8,8,,,,,
0x04f83dad8169e39a3166711f1d88da8ac9cf2815,0,2,0,0,0,0,2,2,,,,,
0x2b973b430c123ec8cc3f58f54c9a623c0f8307da,0,2,0,0,0,4,2,6,,,,,
0xcc65e2739a5a3a0990d3a3cdcb3e1990357fb088,0,92,0,0,0,0,2,2,,,,,
0xcf4d23ce2e5d60ce2f4904bc871ef002defbf950,0,280,0,0,0,0,50,50,,,,,
0x6f549f678640ee2f05e4621fa0cc3a0293e941cc,0,2,0,0,0,0,154,154,,,,,
0x1e9205c4bb5ef82dcea8cbd53745d53e28d66d05,0,300,0,0,0,0,143,143,,,,,
0xada238b3df2618e3eb887e5a160149060c69ec3d,0,"1,730",0,0,0,0,869,869,,,,,
0x59b4729eebcdf6af25f2f656f677b85f8b55d03c,0,"2,671",0,0,0,0,"1,340",1340,,,,,
0xb00780e6bc078530b0fc8f4015d7bcd92a38a32c,0,"4,544",0,0,0,0,"2,280",2280,,,,,
0x98a2f441cc5c4e194df462a24f050d4e69649b17,0,"2,942",0,0,0,0,"1,475",1475,,,,,
0xddc891845e6bb8fd169234c8c2df4a12003fc214,0,"4,572",0,0,0,0,"2,290",2290,,,,,
0x11d16b24d6662c6ee83feecd8078dfb4f245537a,0,"4,893",0,0,0,0,"2,453",2453,,,,,
0x9d0b232ea37266ddae2d6299fb971583cd88a86a,0,"4,496",0,0,0,0,"2,253",2253,,,,,
0x4532990ad56fc3e6e8cc7696fff71de4d285574c,0,"4,488",0.002652,0,0.002394,0,"2,248",2248,,,,,
0xbfadc8b8497d4db8abf422abc7814a90e29f6e08,0,"4,471",0,0.000258,0,2,"2,240",2242,,,,,
0x0c25ebf319661eb4e3e54431c5e31eeb4aad3d5d,0,"4,068",0,0,0,0,"2,038",2038,,,,,
0x466c7baad703e68ac956c1a52e1159b5c79e17a9,0,"3,711",0,0,0,0,"1,857",1857,,,,,
0x28bd24353a9e30ac0e01a0a537974e127d568c1c,0,"1,940",0,0,0,0,971,971,,,,,
0x9f8a043a8c4ad0f966a0540d8b9f2a48da8e5162,0,"2,998",0,0.000032,0,0,"1,501",1501,,,,,
0x4c2f3e86453bb1d6b1d435b7c7048e11019271cd,0,"1,549",0,0,0,0,773,773,,,,,
0x951638e001d4301e4a4b2b8a60e204a376b6fc7c,0,717,0,0,0,0,358,358,,,,,
0xfefd413f3aaea07109438e64bfe39d7f291befcd,0,594,0.000168,0,0.000136,0,13,13,,,,,
0x00e20c2646ea92f0163c2089b6a17538c0569e77,0,6,0,0,0,1,4,5,,,,,
0xf69bbdd3c3ec9b65593a410e15e8dec0ffc84fd6,0,29,0,0,0,0,5,5,,,,,
0xf094b669db88446c1bb0d69b6b9aff0ef51f879b,0,9,0,0,0,0,296,296,,,,,
0x76dfd60fbbc00a3438d74c2162de9f884cc6f274,0,9,0,0,0,0,3,3,,,,,
0xcd712b11440bcb5b828e66bd8a91e83d2e5e080a,0,9,0,0,0,0,3,3,,,,,
0x7f1deb7cfaaa7b19e14eeacb67ca207888d252a8,0,9,0,0.000394,0,0,2,2,,,,,
0x69394fc5c54a5fd6e7d2589fa9c53beb15927440,0,4,0,0,0,0,3,3,,,,,
0xd5b1d14c25ac479f1037e0a934d30bf04c562496,0,5,0,0,0.003206,2,8,10,,,,,
0x3744e21aced56c2cd0785ebbbd96e72c3811e851,0,15,0,0,0,0,2,2,,,,,
0x7db02aa70aec90a62dbf44afa9aec85a0f86cae6,0,7,0.0036,0,0,0,5,5,,,,,
0x6088b4ea9cfae3adcf644b30fb45676230518858,0,7,0,0,0,0,4,4,,,,,
0xb58d785f59651984a92cff9c08f67d4aecec4aa9,0,4,0,0,0,0,3,3,,,,,
0x68def96db3745af676c2cb5a2ef439f55aa5f4ad,0,5,0,0,0,0,5,5,,,,,
0xb864d841ebc6050eb254239cc05aa85bea57274a,0,3,0,0,0,0,3,3,,,,,
0x2ee75b99b38995ba1948db601535dba3e3018f28,0,7,0,0,0,0,3,3,,,,,
0x437171625ba41c5a3ee73c5bb2c3465949346373,0,4,0,0,0,0,5,5,,,,,
0x56379f79b67a2f741e105bbfebd4c439ea0a8fae,0,6,0,0,0,0,5,5,,,,,
0x11c1c2233e228b4e63dc4d1a136f4d229ea22901,0,5,0,0,0,0,4,4,,,,,
0xcc366bd4cf41c93dc5c3731cd6c8f3826e6aee6f,0,6,0,0,0,0,7,7,,,,,
0x00e153c0874c3fad75c2265d3b627e3cedc1fa3b,0,231,0,0,0,0,4,4,,,,,
0x1da1d3d4429b2d13abdc146bffedb27aedbba3b1,0,345,0,0,0,0,6,6,,,,,
0xdccf2a1bed113293fcda5ee27c098cb094d737b0,0,"1,221",0,0,0,0,12,12,,,,,
0x6eaedb0dc8de301811cd270f0376babfed64c148,0,"1,200",0,0,0,0,11,11,,,,,
0x362dcef7babadb3d23861796f76672b38b719a54,0,458,0,0,0,0,5,5,,,,,
0xdfcff13d88dc94f75416c0efec56f7c7e991f3e4,0,"1,303",0,0,0,0,8,8,,,,,
0x2b96b008f4a57caae31ead7404a77a4215b1ae9e,0,"1,220",0,0,0,0,7,7,,,,,
0x1e89b3e34b278c85f6586f4c2ede74126a5ae752,0,"1,259",0,0,0,0,6,6,,,,,
0x06967c2221507d9236f8065d6166acbdda37f998,0,"1,306",0,0,0,0,7,7,,,,,
0x015b90bb95bf6daf4d75669c35c646dd32f6d11e,0,"1,247",0,0,0,0,5,5,,,,,
0xc09309f849673c613b283401d64636b969ef288c,0,"1,348",0,0,0,1,8,9,,,,,
0x13dffb64b5443635ccebc30540b0c3c9e2d18639,0,"1,764",0.001,0.000118,0.000882,0,"2,508",2508,,,,,
0x636026c42fe8b59f051fcb8077bc5279a628a73e,0,"4,231",0,0,0,0,6,6,,,,,
0x7d876d2750e235961a7b8644709923d0bdbca95d,0,"1,752",0,0,0,0,7,7,,,,,
0x6b493ffd22f5bd3d6be84212b75287c0a341dbde,0,"4,365",0,0,0,0,"2,883",2883,,,,,
0xa66562ea57790918aebb2c077e7ce9dc0de8fbfd,0,"4,934",0,0,0,0,"2,803",2803,,,,,
0x5825731940add2c72a007d02253762637ef3161a,0,"3,670",0,0,0,0,5,5,,,,,
0xa1156e49bb4c1b40b838be70473a9b93c5ffff61,0,"2,438",0,0,0,0,"3,250",3250,,,,,
0x0da02a1f7c0b68d4ac5d49e86560eaa0ca7a82e1,0,665,0,0,0,0,5,5,,,,,
0xfd4ae1452b884509d78fd2f85383d9cd90ca3d1a,0,498,0,0,0,0,"1,942",1942,,,,,
0x5de78926cf5da7da153ee73ee0760079300c73c5,0,608,0,0,0,0,5,5,,,,,
0x9dc821097914590a1ceb50a4fae1e902499223ed,0,474,0,0,0,0,4,4,,,,,
0x1238b10677218cf898a2d04c78e962686f8e7f99,0,4,0,0,0,0,9,9,,,,,
0x660dd4fb7ab9a988ce553f2c656a76336d01e4ad,0,"1,079",0,0,0,0,6,6,,,,,
0x11a6b929fc4306f0a405024c6d83d386774d7acd,0,95,0,0,0,0,6,6,,,,,
0x1777353634b574a77ba69300b6351d3fd3d712d6,0,186,0,0,0,0,825,825,,,,,
0x2f2338a25a9b58a86195853e539c576789c46467,0,46,0,0,0,0,4,4,,,,,
0x1316fb5fc9f2ba93e633c401aa01514adc765698,0,602,0,0,0,0,5,5,,,,,
0x170b8258446b3f28f60d820d038f8c98e257efda,0,828,0,0,0,0,5,5,,,,,
0x1c986cbc53ea7c13b8ffab5080c070c97112ee25,0,837,0,0,0,0,4,4,,,,,
0xdb498f6b6d74c03ed4a1a04cd8ffd36ce655310a,0,635,0,0,0,0,7,7,,,,,
0x81b05c0c18987260476a076c451ea442d64a0048,0,888,0,0,0,0,6,6,,,,,
0x4ef044eace552c48358e5e1f16bb94cb0e11a5b5,0,"1,052",0,0,0,0,5,5,,,,,
0x1923f5bff311ff7587dfdc358ee558a4fa0018bf,0,"1,247",0,0,0,0,5,5,,,,,
0x01cf863f6c2468e8e36edb2b9556d557991af73a,0,"1,487",0,0,0,0,2,2,,,,,
0xfacb1a91aa5302391f4623d3b8e528c475185212,0,"1,613",0,0,0,0,5,5,,,,,
0xb07a5b65d21e136c5a8dd3891a387e9051764fca,0,"1,658",0,0,0,0,4,4,,,,,
0xa71e43be339f9791235641f457c1ba2da86b9eb3,0,"1,606",0,0,0,0,3,3,,,,,
0x9d0f8d83a18b446943ac717759b4f6ea186cd20f,0,"1,075",0,0,0,0,2,2,,,,,
0x351bada1d6683066c3edc420e9ba08e8675a5970,0,964,0,0,0,0,2,2,,,,,
0x8fc6f44af471bd25d097bd6d1114d8db66a4e4b4,0,"1,461",0,0,0,0,2,2,,,,,
0x849eaf4770019b303bdea90eaba4d54255123a44,0,840,0,0,0,0,4,4,,,,,
0x51fc47d81b9bc1d40ca3c5bb160277d2eb1aa2c1,0,831,0,0,0,0,2,2,,,,,
0x355b443c8f8d1cdc5e03c5c85d6ef5aa14f5ce83,0,724,0,0,0,0,3,3,,,,,
0x2b8405290ecbb77bda7e77598214cacd45a937bc,0,692,0,0,0,0,3,3,,,,,
0xe6bf007f4bce2e50a9271d0507fd23097f540a69,0,3,0,0,0,0,2,2,,,,,
0x3fbc602de323f173d0063961efd9ab34637f2be9,0,610,0,0,0,0,2,2,,,,,
0xbf3b50d17d40c640ad25109dce81ec42a5caf054,0,955,0,0,0,0,2,2,,,,,
0x55fdc2ca1234f0357148d7b7612fd690e8ca8be4,0,49,0,0,0,0,2,2,,,,,
0x7d7a539980f4f6c209fb083674cfa635e9755af9,0,472,0,0,0,0,2,2,,,,,
0x11c707297a0cc86d355628e6887af88b1e6db9f9,0,2,0,0,0,0,2,2,,,,,
0xc100a11dfe1183b56c0db75c74b7cabc4aeb7312,0,3,0,0,0,0,2,2,,,,,
0x82af31181cb2b8001d3f3fc2ffcae5ad73e8a028,0,3,0,0,0,2,2,4,,,,,
0xc84fa024c31e54983720b25359450c43a1e941c3,0,2,0,0,0,0,3,3,,,,,
0x01c3e710feebb08baf76160ac3d22bb12f18aa6c,0,9,0,0.015281,0,0,6,6,,,,,
0x9d04ef0261680c3cfcbfce44a0e041bd94f6a148,0,2,0.0155,0,0,0,2,2,,,,,
0x6c131d057120c280f6adadc75d4e0838a6f7a0e3,0,2,0,0,0,0,2,2,,,,,
0xeaf9819f201cfcd4ba01b26f89f34843053b1049,0,2,0,0,0,0,2,2,,,,,
0x1a9320d6cc403ac9c2ac96bb2bfd260efaf5e85c,0,3,0,0,0.000219,0,2,2,,,,,
0x5a962fa00197c8bf00b94d3e761e050a5244763e,0,2,0,0,0,0,2,2,,,,,
0x8fb42c8585e0b6e404694496f93c534f95253092,0,2,0,0,0,0,2,2,,,,,
0x6facd23be5cd5bcae4aca303fd4e1db0182efa0e,0,2,0,0,0,0,2,2,,,,,
0x1ba21451dbd9ebd5c651c0f82a66b758d7d85d36,0,2,0,0,0,0,2,2,,,,,
0xce408554473f4c7e6412d47dc262abde40db5bba,0,2,0,0,0,0,2,2,,,,,
0x29eaa8c74d842bf066f7597ed670be9018ff19ee,0,2,0,0,0,0,2,2,,,,,
0xef8b6e63dc58ab799f1f64c7a2ab4ea476b35e94,0,3,0,0,0,0,3,3,,,,,
0xbbc389af1a7ebc5d2f65b2178c6fde3021a200b2,0,3,0,0,0,0,3,3,,,,,
0x324c31d8888de5da3ba34ceab2e8cbc160930d86,0,4,0,0,0,0,4,4,,,,,
0x0f69fc42e8c1fd7d83ece756c8fa271dd69b9440,0,5,0,0,0,0,5,5,,,,,
0x053b09e98ede40997546e8bb812cd838f18bb146,0,7,0,0,0.000046,1,5,6,,,,,
0xeb930a72027ad628ab041f87962c6e1fc7e23b5e,0,5,0.000051,0,0,0,6,6,,,,,
0xe7eedc8923b4cf7605b17e949b62a8679400d6b0,0,3,0,0.000005,0,0,3,3,,,,,
0x79f682b7702f56c5e3c7b8871b9e649d3e38f875,0,3,0,0,0,0,4,4,,,,,
0xc81eeb82de4ad449a539008c01a8947fa502b780,0,4,0,0,0,0,3,3,,,,,
0x05f8ea5ee50a9d9321a160f69363de4ddb7193ce,0,6,0,0,0,0,6,6,,,,,
0xb45ecf4a48902076588a2a1ce17904c4a41e6476,0,3,0,0,0,0,4,4,,,,,
0x72c5040a6e22b5386e5d1e3a617591ed4f9bbf2d,0,5,0,0,0,0,3,3,,,,,
0x69ff3ac2ca32012c67428b56f79a2a135c4eda90,0,6,0,0,0,0,2,2,,,,,
0x5eae0afa1218a9a43256487c6570b1eb018cc6c8,0,"1,248",0,0,0,0,4,4,,,,,
0x9fefaa206b32b5b422b765ddac058de4e51eb244,0,572,0,0,0,0,2,2,,,,,
0xff74619e1138be6bb527dcbafea68098b3598e0d,0,7,0,0,0,0,3,3,,,,,
0x34f382eeb74de6a1906f7cb4759b4860b33c5df3,0,"1,457",0,0,0,0,3,3,,,,,
0xeea487001b41bf45a9d359272eedca96572e3c72,0,"2,210",0,0,0,0,3,3,,,,,
0xd820d137a9f28a4878c98933a0083a66d0ee5eba,0,"1,654",0,0,0,0,4,4,,,,,
0x4ae6401c6cc7577438cbe7c64b3bcb033ace935c,0,"2,770",0,0,0,0,2,2,,,,,
0x1303be12c43967c27e1d2bb07e2e7def921b8518,0,"2,845",0,0,0,0,4,4,,,,,
0x8aaedc2677587278c2ba0cb780637e880cd4773e,0,"2,922",0,0,0.000827,1,8,9,,,,,
0x2f1fa00a7fbb77d1c02dbc5b969de7c978c26a88,0,"2,608",0.000833,0.000005,0,0,5,5,,,,,
0x9374a29e7fab659e39c6b3f15e750c99e6c0b181,0,"3,057",0,0,0,0,3,3,,,,,
0x29f10e22ce718469b317fe2d5b238366af947023,0,"2,152",0,0,0,0,4,4,,,,,
0x88987e370b8939f59a2797b728fe7001b00a2a7f,0,"1,632",0,0,0,0,4,4,,,,,
0x4fc91ef7ae0063db889ac71ad1a63f3a9cc9ba46,0,"1,170",0,0,0,0,5,5,,,,,
0xb1c0c7f123944642a47d34fbc33375802929f8af,0,"1,131",0,0,0,0,4,4,,,,,
0x32cb3a172f37a2592f0f0f6a3d84e435114a7b4b,0,"1,112",0,0,0,0,5,5,,,,,
0xcec3ec16830df36c9fe8a9e2e660e70e9792c431,0,929,0,0,0,0,6,6,,,,,
0xa7c53ce791dc73f407c10f63c4c470ac6477186a,0,5,0,0,0,0,5,5,,,,,
0x3825b0bb6cac22bfb68abec0863a2df03edf66e9,0,553,0,0,0,0,5,5,,,,,
0x68d7448428a94b8165e77bdf80740e3da8319a71,0,479,0,0,0,0,5,5,,,,,
0xf9cb99f9ed605df6355b158e0108a0410a1e642c,0,5,0,0,0,0,5,5,,,,,
0x164be6847abee2264cf988862074b8afa70d84ec,0,437,0,0,0,0,6,6,,,,,
0xcf2fca6d01b60012c631e02e2ee40db1241b596a,0,4,0,0,0,0,4,4,,,,,
0xea0247f7859560f34ca481a954aa89a946468f4c,0,6,0,0,0,0,4,4,,,,,
0xb351987a959f02a75204ac27d9fac9bd7ea2aba8,0,4,0,0,0,0,4,4,,,,,
0x3642c9449053c6b893f29eccbfe88aee450bc704,0,5,0,0,0,0,3,3,,,,,
0x3aa13e2619eea23156b2fe1d7d0a21c24f955035,0,4,0,0,0,0,6,6,,,,,
0x53bc68020df766508c606c85505f8e389fb851ab,0,3,0,0,0,0,3,3,,,,,
0xbfbae8605557ddcf246834f1cabd4577afd22f4d,0,6,0,0,0,0,3,3,,,,,
0x90a6c86874aba08cfe6177004449ff9fa4553635,0,4,0,0,0,0,5,5,,,,,
0x00667649758aaf57bf17db93e8baa60b9da83f3f,0,3,0,0,0,0,4,4,,,,,
0x0203b0e1fd01b0f5e482553f3182485d42cfaf0b,0,4,0,0,0,0,4,4,,,,,
0x2e6330eb8736aa9514766255cff832ce4629c112,0,4,0,0,0,0,4,4,,,,,
0x48af621f29bdf9641f5169f0b814a108e4388554,0,20,0,0,0,0,19,19,,,,,
0xc9c20dedc53edbcbe1e17f47f5bb4abad1de0c0c,0,3,0,0,0,0,3,3,,,,,
0xaa51172fe83349a996e6bacc0bfea832916654c2,0,3,0,0,0,0,3,3,,,,,
0x8382c38dc9fe143f15400706a82d7e0cbbccb5e1,0,3,0,0,0,0,4,4,,,,,
0xa8debc21f4ec3490d23d981bd832ef5951c2287c,0,4,0,0,0,0,3,3,,,,,
0xf3d44367f34b9e38e1e5b09b5a29a7e3f94c3cf5,0,3,0,0,0,0,4,4,,,,,
0x505d734566f2a5c7bc43e63d2d7448a8fd30482a,0,4,0,0,0,0,3,3,,,,,
0x0ba3048f89e22c026e39f8e0e1a905f5140aa74e,0,3,0,0,0,0,3,3,,,,,
0x6793affb92a2bee5bcb2f6932bb5783a409dd467,0,4,0,0,0,0,2,2,,,,,
0x43c73fdc894e89f78a8f3e60677f7c03427144f4,0,2,0,0,0,0,4,4,,,,,
0x50bae490a51ad58671457f2eb00c92a470b24d5c,0,2,0,0,0,0,2,2,,,,,
0x90b8395d2cffbbaf8ae06cfaf780736919e7ea1f,0,2,0,0,0,0,2,2,,,,,
0x143bbe597dc2458ca9aa76c479c035986287d9c6,0,2,0,0,0,0,2,2,,,,,
0x0dca8df590010e00d9ffc2c2cacbd67a1e698b18,0,2,0,0,0,0,3,3,,,,,
0x42c30c1a472e72036c0e68ae71aa8f59554e642e,0,2,0,0,0,0,2,2,,,,,
0xd3b0ac7918c24767ebc5fbe37dc862e57636af66,0,3,0,0,0,0,2,2,,,,,
0x67b493705e7312ee898be64d0a84368ebcb181af,0,2,0,0,0,0,2,2,,,,,
0x2ebb7881de39cd73899009c3a6d804c3d62dbc58,0,2,0,0,0,0,2,2,,,,,
0x231d4006d3141f0150cfcc73a1fc1900e03ebe11,0,2,0,0,0,0,2,2,,,,,
0xebd26d4364485eaa0815cd3b05a6c56251286365,0,2,0,0,0,0,2,2,,,,,
0xc1b8230cc307c9ebc385e2d48823958d09864f60,0,2,0,0,0,0,2,2,,,,,
0xbca75401e597a71dfedef93dbeeb59093c896ec7,0,2,0,0,0,0,1,1,,,,,
0xba0c116e2ad1f3561330d61ab9710f252efbcef3,0,2,0,0,0,0,2,2,,,,,
0xb8aeb3b661477f584e3737f148c85fa2cba1ac4b,0,2,0,0,0,0,2,2,,,,,
0xac3c97966e8e7186c241767821e7bba4e7c4c500,0,2,0,0,0,0,2,2,,,,,
0xfde9ca53fbb332478f3e79bc6c931c7829df9fd3,0,2,0,0,0,0,2,2,,,,,
0xb063d4baa7f94f0ee188de5eafd208285705114d,0,2,0,0,0,0,2,2,,,,,
0x141b8b3d9298865b210e502871d1bd1b6df28649,0,2,0,0,0,0,2,2,,,,,
0xdc6a50e78af3360ad31b957a2f9b3f82dace1d97,0,2,0,0,0,0,2,2,,,,,
0x6a5712ef4ae7a9ebf34f67f1ac8f23d4017e6d26,0,2,0,0,0,0,2,2,,,,,
0x6c5cee419519361eab72f5b697a3a5a9cc5e9de1,0,2,0,0,0,0,2,2,,,,,
0xc75a7a185b4780c468215b4ec3c20bf5c32453c2,0,2,0,0,0,0,2,2,,,,,
0xfae4d593df6c6f42b1386f0ea6e82694b934316e,0,2,0,0,0,0,2,2,,,,,
0x0241469ebe1990076001483d4a6302496f559f92,0,2,0,0,0,0,2,2,,,,,
0x0cefdd40bca25109702b158ce8c5cd08ec2ce218,0,3,0,0,0,0,2,2,,,,,
0x53a1fba3c002b1f707e8d84220d77b4768a4be46,0,2,0,0,0,0,2,2,,,,,
0x5fd88452ca1563f1adc25a1064ca0d75a6a12012,0,3,0,0,0,0,2,2,,,,,
0x6a58c02f46d9d3fe3004de62f6af4fa1217e2911,0,4,0,0,0,0,4,4,,,,,
0x3a13980195ceb5ce9820fbf1727a1f8a072461cc,0,6,0,0.000005,0.000045,1,5,6,,,,,
0xb82c43ca22a80252c98240589646311a7981e994,0,3,0,0,0,0,3,3,,,,,
0x77a5014ec6c1dbfa0fd1a6893405ed88ffa9759a,0,6,0.00005,0,0,0,8,8,,,,,
0xec618a1e889f5ee4fa61dcd971a11ca5fdaa7662,0,8,0,0,0,0,5,5,,,,,
0x995841f1c0314b5978f4c7d00b952e8e9c749d68,0,5,0,0,0,0,3,3,,,,,
0xe54674e4f657205e1f625dac6654e95d3d4b1c5c,0,5,0,0,0,0,5,5,,,,,
0x3f39e54c75adbe07c579facbb86770789efe30d2,0,6,0,0,0,0,6,6,,,,,
0xab2a91b91728fc073f4631d0ac0c3576739805ec,0,3,0,0,0,0,3,3,,,,,
0x60e90454e82223743b45f25001016936f919f13d,0,7,0,0,0,0,5,5,,,,,
0xcd9cb6ac6c469d3b1a56cff386d1ab8ac6db61d9,0,7,0,0.000195,0,0,7,7,,,,,
0x2bad8afead23bcd2ad6c4c60bf07205bca92932f,0,9,0,0,0.031559,1,8,9,,,,,
0xa6717a31a3d503b036045abc497d47492c9459e8,0,6,0.031754,0,0,0,12,12,,,,,
0xf56c9bfdd273e2d77e5feb89967477bb19029738,0,12,0,0,0,0,6,6,,,,,
0x062d4f9b3f7a7bdf6e00cc6f0cdf0be33b162103,0,9,0,0,0,0,9,9,,,,,
0x549307b520a950d7c3082ecee135efdb884dafdc,0,9,0,0,0,0,6,6,,,,,
0x9d572ff233ef2e5e05fe8c3cb6aa6e7fe47a592f,0,6,0,0,0,0,9,9,,,,,
,,,,,,,,,,,,,
,0,180176,29.008964,13.087428,15.921534,1859,43891,45750,,,,,
,,,,,4.74027,,,,,,,,
